,Indicator 2,Total commitment score,Indicator 1,Total vulnerability score,country,Indicator 3,Total policies and action score,aggregate_indicator3_divde_by_3,agg
0,Afghanistan,0.0,,,Afghanistan,Afghanistan,-1.25,-1.25,-0.625
1,Albania,0.0,,,Albania,Albania,-0.25,-0.25,-0.125
2,Algeria,0.0,,,Algeria,Algeria,0.5,0.5,0.25
3,Andorra,0.0,,,Andorra,Andorra,-0.75,-0.75,-0.375
4,Angola,4.0,,,Angola,Angola,0.75,4.75,2.375
5,Antigua and Barbuda,0.0,,,Antigua and Barbuda,Antigua and Barbuda,1.5,1.5,0.75
6,Argentina,0.0,,,Argentina,Argentina,0.0,0.0,0.0
7,Armenia,0.0,,,Armenia,Armenia,0.5,0.5,0.25
8,Australia,0.0,,,Australia,Australia,0.0,0.0,0.0
9,Austria,0.0,,,Austria,Austria,-1.5,-1.5,-0.75
10,Azerbaijan,0.0,,,Azerbaijan,Azerbaijan,0.0,0.0,0.0
11,The Bahamas,1.0,,,The Bahamas,,,1.0,0.5
12,Bangladesh,1.0,,,Bangladesh,Bangladesh,-0.25,0.75,0.375
13,Barbados,2.0,,,Barbados,Barbados,0.0,2.0,1.0
14,Belarus,0.0,,,Belarus,Belarus,0.142857143,0.142857143,0.0714285715
15,Belgium,0.0,,,Belgium,Belgium,0.25,0.25,0.125
16,Belize,3.0,,,Belize,Belize,0.75,3.75,1.875
17,Benin,3.0,,,Benin,Benin,0.75,3.75,1.875
18,Bhutan,0.0,,,Bhutan,Bhutan,1.0,1.0,0.5
19,Bolivia,0.0,,,Bolivia,Bolivia,0.0,0.0,0.0
20,Bosnia and Herzegovina,0.0,,,Bosnia and Herzegovina,Bosnia and Herzegovina,0.5,0.5,0.25
21,Botswana,0.0,,,Botswana,Botswana,1.0,1.0,0.5
22,Brasil,0.0,,,Brasil,,,0.0,0.0
23,Brunei,0.0,,,Brunei,Brunei,1.0,1.0,0.5
24,Bulgaria,0.0,,,Bulgaria,Bulgaria,0.0,0.0,0.0
25,Burkina Faso,0.0,,,Burkina Faso,Burkina Faso,0.0,0.0,0.0
26,Burundi,0.0,,,Burundi,Burundi,0.0,0.0,0.0
27,Cambodia,1.0,,,Cambodia,Cambodia,0.0,1.0,0.5
28,Cameroun,3.0,,,Cameroun,,,3.0,1.5
29,Canada,,,,Canada,Canada,0.0,0.0,0.0
30,Cabo Verde,0.0,,,Cabo Verde,Cabo Verde,0.25,0.25,0.125
31,Central African Republic,0.0,,,Central African Republic,Central African Republic,0.0,0.0,0.0
32,Chad,1.0,,,Chad,Chad,0.0,1.0,0.5
33,Chile,0.0,,,Chile,Chile,-1.0,-1.0,-0.5
34,China,1.0,,,China,China,1.0,2.0,1.0
35,Columbia,0.0,,,Columbia,,,0.0,0.0
36,Comoros,0.0,,,Comoros,Comoros,0.666666667,0.666666667,0.3333333335
37,Cook Islands,0.0,,,Cook Islands,Cook Islands,0.285714286,0.285714286,0.142857143
38,Costa Rica,1.0,,,Costa Rica,Costa Rica,0.0,1.0,0.5
39,Côte d'Ivoire,1.0,,,Côte d'Ivoire,Côte d'Ivoire,-1.0,0.0,0.0
40,Croatia,0.0,,,Croatia,Croatia,1.5,1.5,0.75
41,Cuba,1.0,,,Cuba,Cuba,0.75,1.75,0.875
42,Cyprus,0.0,,,Cyprus,Cyprus,-3.0,-3.0,-1.5
43,Czechia,0.0,,,Czechia,Czechia,0.0,0.0,0.0
44,Democratic Republic of the Congo,1.0,,,Democratic Republic of the Congo,Democratic Republic of the Congo,-0.142857143,0.857142857,0.4285714285
45,Denmark,,,,Denmark,Denmark,0.5,0.5,0.16666666666666666
46,Djibouti,4.0,,,Djibouti,Djibouti,-0.25,3.75,1.875
47,Dominica,0.0,,,Dominica,Dominica,1.0,1.0,0.5
48,Dominican Republic,1.0,,,Dominican Republic,Dominican Republic,0.4,1.4,0.7
49,Ecuador,0.0,,,Ecuador,Ecuador,0.0,0.0,0.0
50,Egypt,1.0,,,Egypt,Egypt,0.5,1.5,0.75
51,El Salvador,0.0,,,El Salvador,El Salvador,0.75,0.75,0.375
52,Equatorial Guinea,0.0,,,Equatorial Guinea,Equatorial Guinea,0.5,0.5,0.25
53,Eritrea,2.0,,,Eritrea,Eritrea,0.0,2.0,1.0
54,Estonia,0.0,,,Estonia,Estonia,0.0,0.0,0.0
55,Eswatini,0.0,,,Eswatini,Eswatini,0.0,0.0,0.0
56,Ethiopia,0.0,,,Ethiopia,Ethiopia,1.666666667,1.666666667,0.8333333335
57,EUU,0.0,,,EUU,,,0.0,0.0
58,Fidji,2.0,,,Fidji,,,2.0,1.0
59,Finland,0.0,,,Finland,Finland,0.142857143,0.142857143,0.0714285715
60,France,0.0,,,France,France,0.75,0.75,0.375
61,Gabon,1.0,,,Gabon,Gabon,1.5,2.5,1.25
62,The Gambia,1.0,,,The Gambia,,,1.0,0.5
63,Georgia,1.0,,,Georgia,Georgia,0.142857143,1.142857143,0.5714285715
64,Germany,0.0,,,Germany,Germany,-0.75,-0.75,-0.375
65,Ghana,0.0,,,Ghana,Ghana,1.25,1.25,0.625
66,Greece,0.0,,,Greece,Greece,0.2,0.2,0.1
67,Grenada,1.0,,,Grenada,Grenada,1.25,2.25,1.125
68,Iran,0.0,,,Iran,,,0.0,0.0
69,Guatemala,1.0,,,Guatemala,Guatemala,1.0,2.0,1.0
70,Guinea,2.0,,,Guinea,Guinea,-0.25,1.75,0.875
71,Guinea-Bissau,2.0,,,Guinea-Bissau,Guinea-Bissau,0.25,2.25,1.125
72,Guyane,1.0,,,Guyane,,,1.0,0.5
73,Haiti,1.0,,,Haiti,Haiti,0.0,1.0,0.5
74,Honduras,0.0,,,Honduras,Honduras,0.5,0.5,0.25
75,Hungary,0.0,,,Hungary,Hungary,0.285714286,0.285714286,0.142857143
76,Iceland,0.0,,,Iceland,Iceland,-0.142857143,-0.142857143,-0.0714285715
77,India,3.0,,,India,India,-0.285714286,2.714285714,1.357142857
78,Indonesia,1.0,,,Indonesia,Indonesia,0.25,1.25,0.625
79,Iraq,0.0,,,Iraq,Iraq,-0.285714286,-0.285714286,-0.142857143
80,Ireland,0.0,,,Ireland,Ireland,0.0,0.0,0.0
81,Israel,0.0,,,Israel,Israel,-0.285714286,-0.285714286,-0.142857143
82,Italy,0.0,,,Italy,Italy,0.0,0.0,0.0
83,Jamaica,0.0,,,Jamaica,Jamaica,0.0,0.0,0.0
84,Japan,0.0,,,Japan,Japan,0.666666667,0.666666667,0.3333333335
85,Jordania,0.0,,,Jordania,,,0.0,0.0
86,Kazakhstan,0.0,,,Kazakhstan,Kazakhstan,0.25,0.25,0.125
87,Kenya,0.0,,,Kenya,Kenya,-0.5,-0.5,-0.25
88,Kiribati,0.0,,,Kiribati,Kiribati,1.0,1.0,0.5
89,Koweit,0.0,,,Koweit,,,0.0,0.0
90,Kyrgyzstan,0.0,,,Kyrgyzstan,Kyrgyzstan,0.0,0.0,0.0
91,Laos,0.0,,,Laos,,,0.0,0.0
92,Latvia,0.0,,,Latvia,Latvia,0.25,0.25,0.125
93,Lebanon,0.0,,,Lebanon,Lebanon,0.0,0.0,0.0
94,Lesotho,0.0,,,Lesotho,Lesotho,-0.75,-0.75,-0.375
95,Liberia,4.0,,,Liberia,Liberia,0.0,4.0,2.0
96,Libya,0.0,,,Libya,Libya,0.0,0.0,0.0
97,Liechtenstein,0.0,,,Liechtenstein,Liechtenstein,-0.142857143,-0.142857143,-0.0714285715
98,Lithuania,0.0,,,Lithuania,Lithuania,0.0,0.0,0.0
99,Luxembourg,0.0,,,Luxembourg,Luxembourg,-0.25,-0.25,-0.125
100,North Macedonia,0.0,,,North Macedonia,North Macedonia,1.0,1.0,0.5
101,Madagascar,1.0,,,Madagascar,Madagascar,0.0,1.0,0.5
102,Malawi,1.0,,,Malawi,Malawi,-1.25,-0.25,-0.125
103,Malaysia,1.0,,,Malaysia,Malaysia,-0.5,0.5,0.25
104,Maldives,2.0,,,Maldives,Maldives,0.0,2.0,1.0
105,Mali,0.0,,,Mali,Mali,0.0,0.0,0.0
106,Malta,0.0,,,Malta,Malta,1.0,1.0,0.5
107,Marshall Islands,0.0,,,Marshall Islands,Marshall Islands,1.25,1.25,0.625
108,Mauritania,1.0,,,Mauritania,Mauritania,0.0,1.0,0.5
109,Mauritius,2.0,,,Mauritius,Mauritius,1.25,3.25,1.625
110,Mexico,1.0,,,Mexico,Mexico,0.333333333,1.3333333330000001,0.6666666665000001
111,Micronesia,0.0,,,Micronesia,,,0.0,0.0
112,Moldova,0.0,,,Moldova,,,0.0,0.0
113,Monaco,0.0,,,Monaco,Monaco,-1.5,-1.5,-0.75
114,Mongolia,0.0,,,Mongolia,Mongolia,0.0,0.0,0.0
115,Montenegro,0.0,,,Montenegro,Montenegro,0.666666667,0.666666667,0.3333333335
116,Morocco,3.0,,,Morocco,Morocco,-1.25,1.75,0.875
117,Mozambique,0.0,,,Mozambique,Mozambique,-0.75,-0.75,-0.375
118,Myanmar,2.0,,,Myanmar,Myanmar,-0.75,1.25,0.625
119,Namibia,1.0,,,Namibia,Namibia,0.5,1.5,0.75
120,Nauru,0.0,,,Nauru,Nauru,0.0,0.0,0.0
121,Pakistan,0.0,,,Pakistan,Pakistan,0.25,0.25,0.125
122,Nepal,0.0,,,Nepal,Nepal,-0.142857143,-0.142857143,-0.0714285715
123,Netherlands,0.0,,,Netherlands,Netherlands,1.25,1.25,0.625
124,New Zealand,0.0,,,New Zealand,New Zealand,1.0,1.0,0.5
125,Saint Kitts and Nevis,2.0,,,Saint Kitts and Nevis,Saint Kitts and Nevis,0.0,2.0,1.0
126,Saint Kitts and Nevis,2.0,,,Saint Kitts and Nevis,Saint Kitts and Nevis,0.0,2.0,1.0
127,Saint Lucia,2.0,,,Saint Lucia,Saint Lucia,1.666666667,3.6666666670000003,1.8333333335000002
128,Saint Lucia,2.0,,,Saint Lucia,Saint Lucia,1.666666667,3.6666666670000003,1.8333333335000002
129,Samoa,0.0,,,Samoa,Samoa,0.0,0.0,0.0
130,Samoa,0.0,,,Samoa,Samoa,0.0,0.0,0.0
131,Samoa,0.0,,,Samoa,Samoa,0.0,0.0,0.0
132,Samoa,0.0,,,Samoa,Samoa,0.0,0.0,0.0
133,San Marino,0.0,,,San Marino,San Marino,0.0,0.0,0.0
134,San Marino,0.0,,,San Marino,San Marino,0.0,0.0,0.0
135,São Tomé and Príncipe,2.0,,,São Tomé and Príncipe,,,2.0,1.0
136,São Tomé and Príncipe,2.0,,,São Tomé and Príncipe,,,2.0,1.0
137,Saudi Arabia,2.0,,,Saudi Arabia,Saudi Arabia,-1.0,1.0,0.5
138,Saudi Arabia,2.0,,,Saudi Arabia,Saudi Arabia,-1.0,1.0,0.5
139,Senegal,1.0,,,Senegal,Senegal,0.0,1.0,0.5
140,Senegal,1.0,,,Senegal,Senegal,0.0,1.0,0.5
141,Serbia,0.0,,,Serbia,Serbia,-0.75,-0.75,-0.375
142,Serbia,0.0,,,Serbia,Serbia,-0.75,-0.75,-0.375
143,Seychelles,1.0,,,Seychelles,Seychelles,0.25,1.25,0.625
144,Seychelles,1.0,,,Seychelles,Seychelles,0.25,1.25,0.625
145,Sierra Leone,1.0,,,Sierra Leone,Sierra Leone,-0.5,0.5,0.25
146,Sierra Leone,1.0,,,Sierra Leone,Sierra Leone,-0.5,0.5,0.25
147,Singapore,1.0,,,Singapore,Singapore,1.0,2.0,1.0
148,Singapore,1.0,,,Singapore,Singapore,1.0,2.0,1.0
149,Slovakia,0.0,,,Slovakia,Slovakia,-0.142857143,-0.142857143,-0.0714285715
150,Slovakia,0.0,,,Slovakia,Slovakia,-0.142857143,-0.142857143,-0.0714285715
151,Slovenia,0.0,,,Slovenia,Slovenia,-0.5,-0.5,-0.25
152,Slovenia,0.0,,,Slovenia,Slovenia,-0.5,-0.5,-0.25
153,Solomon Islands,0.0,,,Solomon Islands,Solomon Islands,0.0,0.0,0.0
154,Solomon Islands,0.0,,,Solomon Islands,Solomon Islands,0.0,0.0,0.0
155,Nicaragua,0.0,,,Nicaragua,Nicaragua,0.0,0.0,0.0
156,Nicaragua,0.0,,,Nicaragua,Nicaragua,0.0,0.0,0.0
157,Niger,0.0,,,Niger,Niger,0.0,0.0,0.0
158,Niger,0.0,,,Niger,Niger,0.0,0.0,0.0
159,Nigeria,1.0,,,Nigeria,Nigeria,1.25,2.25,1.125
160,Nigeria,1.0,,,Nigeria,Nigeria,1.25,2.25,1.125
161,Niue,0.0,,,Niue,Niue,2.0,2.0,1.0
162,Niue,0.0,,,Niue,Niue,2.0,2.0,1.0
163,North Korea,2.0,,,North Korea,North Korea,0.0,2.0,1.0
164,North Korea,2.0,,,North Korea,North Korea,0.0,2.0,1.0
165,Norway,0.0,,,Norway,Norway,-0.25,-0.25,-0.125
166,Norway,0.0,,,Norway,Norway,-0.25,-0.25,-0.125
167,Oman,3.0,,,Oman,Oman,0.5,3.5,1.75
168,Oman,3.0,,,Oman,Oman,0.5,3.5,1.75
169,Palau,1.0,,,Palau,Palau,0.0,1.0,0.5
170,Palau,1.0,,,Palau,Palau,0.0,1.0,0.5
171,Palestine,2.0,,,Palestine,Palestine,0.5,2.5,1.25
172,Palestine,2.0,,,Palestine,Palestine,0.5,2.5,1.25
173,Panama,0.0,,,Panama,Panama,0.25,0.25,0.125
174,Panama,0.0,,,Panama,Panama,0.25,0.25,0.125
175,Papua New Guinea,0.0,,,Papua New Guinea,Papua New Guinea,0.0,0.0,0.0
176,Papua New Guinea,0.0,,,Papua New Guinea,Papua New Guinea,0.0,0.0,0.0
177,Paraguay,0.0,,,Paraguay,Paraguay,0.857142857,0.857142857,0.4285714285
178,Paraguay,0.0,,,Paraguay,Paraguay,0.857142857,0.857142857,0.4285714285
179,Peru,1.0,,,Peru,Peru,0.0,1.0,0.5
180,Peru,1.0,,,Peru,Peru,0.0,1.0,0.5
181,Philippines,0.0,,,Philippines,Philippines,1.75,1.75,0.875
182,Philippines,0.0,,,Philippines,Philippines,1.75,1.75,0.875
183,Poland,0.0,,,Poland,Poland,0.0,0.0,0.0
184,Poland,0.0,,,Poland,Poland,0.0,0.0,0.0
185,Portugal,0.0,,,Portugal,Portugal,0.6,0.6,0.3
186,Portugal,0.0,,,Portugal,Portugal,0.6,0.6,0.3
187,Qatar,0.0,,,Qatar,Qatar,0.75,0.75,0.375
188,Qatar,0.0,,,Qatar,Qatar,0.75,0.75,0.375
189,Republic of the Congo,2.0,,,Republic of the Congo,,,2.0,1.0
190,Republic of the Congo,2.0,,,Republic of the Congo,,,2.0,1.0
191,Romania,0.0,,,Romania,Romania,1.333333333,1.333333333,0.6666666665
192,Romania,0.0,,,Romania,Romania,1.333333333,1.333333333,0.6666666665
193,Russia,0.0,,,Russia,Russia,-1.25,-1.25,-0.625
194,Russia,0.0,,,Russia,Russia,-1.25,-1.25,-0.625
195,Rwanda,0.0,,,Rwanda,Rwanda,1.25,1.25,0.625
196,Rwanda,0.0,,,Rwanda,Rwanda,1.25,1.25,0.625
197,Saint Vincent and the Grenadines,2.0,,,Saint Vincent and the Grenadines,Saint Vincent and the Grenadines,0.0,2.0,1.0
198,Saint Vincent and the Grenadines,2.0,,,Saint Vincent and the Grenadines,Saint Vincent and the Grenadines,0.0,2.0,1.0
199,Somalia,1.0,,,Somalia,Somalia,-0.142857143,0.857142857,0.4285714285
200,South Africa,0.0,,,South Africa,South Africa,1.25,1.25,0.625
201,South Korea,0.0,,,South Korea,South Korea,0.0,0.0,0.0
202,South Sudan,0.0,,,South Sudan,South Sudan,0.285714286,0.285714286,0.142857143
203,Spain,0.0,,,Spain,Spain,-0.25,-0.25,-0.125
204,Sri Lanka,5.0,,,Sri Lanka,Sri Lanka,1.5,6.5,3.25
205,Sudan,1.0,,,Sudan,Sudan,0.75,1.75,0.875
206,Suriname,3.0,,,Suriname,Suriname,1.333333333,4.333333333,2.1666666665
207,Sweden,0.0,,,Sweden,Sweden,0.5,0.5,0.25
208,Switzerland,0.0,,,Switzerland,Switzerland,1.0,1.0,0.5
209,Syria,1.0,,,Syria,Syria,0.0,1.0,0.5
210,Tajikistan,0.0,,,Tajikistan,Tajikistan,1.5,1.5,0.75
211,Tanzania,4.0,,,Tanzania,Tanzania,-1.25,2.75,1.375
212,Ukraine,0.0,,,Ukraine,Ukraine,1.0,1.0,0.5
213,Thailand,1.0,,,Thailand,Thailand,0.5,1.5,0.75
214,Timor-Leste,2.0,,,Timor-Leste,Timor-Leste,0.0,2.0,1.0
215,Togo,1.0,,,Togo,Togo,0.75,1.75,0.875
216,Tonga,1.0,,,Tonga,Tonga,-0.5,0.5,0.25
217,Trinidad and Tobago,0.0,,,Trinidad and Tobago,Trinidad and Tobago,0.0,0.0,0.0
218,Tunisia,1.0,,,Tunisia,Tunisia,-1.666666667,-0.6666666670000001,-0.33333333350000005
219,Turkey,0.0,,,Turkey,Turkey,0.0,0.0,0.0
220,Turkmenistan,0.0,,,Turkmenistan,Turkmenistan,0.75,0.75,0.375
221,Tuvalu,0.0,,,Tuvalu,Tuvalu,0.0,0.0,0.0
222,Uganda,0.0,,,Uganda,Uganda,0.142857143,0.142857143,0.0714285715
223,United Arab Emirates,1.0,,,United Arab Emirates,United Arab Emirates,0.285714286,1.285714286,0.642857143
224,United Kingdom,0.0,,,United Kingdom,United Kingdom,1.0,1.0,0.5
225,United States,0.0,,,United States,United States,0.0,0.0,0.0
226,Uruguay,1.0,,,Uruguay,Uruguay,0.0,1.0,0.5
227,Uzbekistan,0.0,,,Uzbekistan,Uzbekistan,-0.25,-0.25,-0.125
228,Vanuatu,1.0,,,Vanuatu,Vanuatu,1.5,2.5,1.25
229,Venezuela,2.0,,,Venezuela,Venezuela,-1.5,0.5,0.25
230,Vietnam,3.0,,,Vietnam,,,3.0,1.5
231,Yemen,0.0,,,Yemen,Yemen,0.0,0.0,0.0
232,Zambia,1.0,,,Zambia,Zambia,0.0,1.0,0.5
233,Zimbabwe,0.0,,,Zimbabwe,Zimbabwe,-3.0,-3.0,-1.5
234,,,ALBANIA,-1.0,ALBANIA,,,-1.0,-1.0
235,,,ALGERIA,-1.0,ALGERIA,,,-1.0,-1.0
236,,,ANGOLA,0.0,ANGOLA,,,0.0,0.0
237,,,ANTIGUA AND BARBUDA,0.166666667,ANTIGUA AND BARBUDA,,,0.166666667,0.166666667
238,,,ARGENTINA,-1.0,ARGENTINA,,,-1.0,-1.0
239,,,ARUBA,0.0,ARUBA,,,0.0,0.0
240,,,AUSTRALIA,0.0,AUSTRALIA,,,0.0,0.0
241,,,"BAHAMAS, THE",0.0,"BAHAMAS, THE",,,0.0,0.0
242,,,BAHRAIN,-1.5,BAHRAIN,,,-1.5,-1.5
243,,,BANGLADESH,0.0,BANGLADESH,,,0.0,0.0
244,,,BARBADOS,0.0,BARBADOS,,,0.0,0.0
245,,,BELGIUM,0.0,BELGIUM,,,0.0,0.0
246,,,BELIZE,0.0,BELIZE,,,0.0,0.0
247,,,BENIN,-1.0,BENIN,,,-1.0,-1.0
248,,,BRAZIL,0.0,BRAZIL,,,0.0,0.0
249,,,BRUNEI DARUSSALAM,-1.0,BRUNEI DARUSSALAM,,,-1.0,-1.0
250,,,BULGARIA,0.0,BULGARIA,,,0.0,0.0
251,,,CAMBODIA,0.0,CAMBODIA,,,0.0,0.0
252,,,CAMEROON,0.0,CAMEROON,,,0.0,0.0
253,,,CANADA,-1.0,CANADA,,,-1.0,-1.0
254,,,CAPE VERDE,0.0,CAPE VERDE,,,0.0,0.0
255,,,CHILE,0.0,CHILE,,,0.0,0.0
256,,,CHINA,-1.0,CHINA,,,-1.0,-1.0
257,,,COLOMBIA,0.0,COLOMBIA,,,0.0,0.0
258,,,COMOROS,-1.125,COMOROS,,,-1.125,-1.125
259,,,"CONGO, DEM. REP.",-1.5,"CONGO, DEM. REP.",,,-1.5,-1.5
260,,,"CONGO, REP.",-1.0,"CONGO, REP.",,,-1.0,-1.0
261,,,COSTA RICA,0.0,COSTA RICA,,,0.0,0.0
262,,,CÔTE D'IVOIRE,1.0,CÔTE D'IVOIRE,,,1.0,1.0
263,,,CROATIA,-1.0,CROATIA,,,-1.0,-1.0
264,,,CUBA,-1.0,CUBA,,,-1.0,-1.0
265,,,CYPRUS,1.0,CYPRUS,,,1.0,1.0
266,,,DENMARK,0.0,DENMARK,,,0.0,0.0
267,,,DJIBOUTI,-1.0,DJIBOUTI,,,-1.0,-1.0
268,,,DOMINICA,0.714285714,DOMINICA,,,0.714285714,0.714285714
269,,,DOMINICAN REPUBLIC,1.0,DOMINICAN REPUBLIC,,,1.0,1.0
270,,,ECUADOR,-1.0,ECUADOR,,,-1.0,-1.0
271,,,"EGYPT, ARAB REP.",-1.0,"EGYPT, ARAB REP.",,,-1.0,-1.0
272,,,EL SALVADOR,0.0,EL SALVADOR,,,0.0,0.0
273,,,EQUATORIAL GUINEA,-1.0,EQUATORIAL GUINEA,,,-1.0,-1.0
274,,,ERITREA,0.0,ERITREA,,,0.0,0.0
275,,,ESTONIA,0.0,ESTONIA,,,0.0,0.0
276,,,FIJI,-1.0,FIJI,,,-1.0,-1.0
277,,,FINLAND,-1.0,FINLAND,,,-1.0,-1.0
278,,,FRANCE,0.0,FRANCE,,,0.0,0.0
279,,,GABON,-1.0,GABON,,,-1.0,-1.0
280,,,"GAMBIA, THE",-1.5,"GAMBIA, THE",,,-1.5,-1.5
281,,,GEORGIA,0.0,GEORGIA,,,0.0,0.0
282,,,GERMANY,0.0,GERMANY,,,0.0,0.0
283,,,GHANA,0.375,GHANA,,,0.375,0.375
284,,,GREECE,-1.0,GREECE,,,-1.0,-1.0
285,,,GRENADA,0.0,GRENADA,,,0.0,0.0
286,,,GUATEMALA,0.0,GUATEMALA,,,0.0,0.0
287,,,GUINEA,-1.0,GUINEA,,,-1.0,-1.0
288,,,GUINEA-BISSAU,0.0,GUINEA-BISSAU,,,0.0,0.0
289,,,GUYANA,0.0,GUYANA,,,0.0,0.0
290,,,HAITI,-1.0,HAITI,,,-1.0,-1.0
291,,,HONDURAS,-1.0,HONDURAS,,,-1.0,-1.0
292,,,"HONG KONG SAR, CHINA",0.0,"HONG KONG SAR, CHINA",,,0.0,0.0
293,,,ICELAND,-0.75,ICELAND,,,-0.75,-0.75
294,,,INDIA,0.0,INDIA,,,0.0,0.0
295,,,INDONESIA,-0.714285714,INDONESIA,,,-0.714285714,-0.714285714
296,,,"IRAN, ISLAMIC REP.",0.0,"IRAN, ISLAMIC REP.",,,0.0,0.0
297,,,IRELAND,0.0,IRELAND,,,0.0,0.0
298,,,ISRAEL,0.0,ISRAEL,,,0.0,0.0
299,,,ITALY,-1.0,ITALY,,,-1.0,-1.0
300,,,JAMAICA,0.0,JAMAICA,,,0.0,0.0
301,,,JAPAN,-1.0,JAPAN,,,-1.0,-1.0
302,,,JORDAN,-1.0,JORDAN,,,-1.0,-1.0
303,,,KENYA,0.0,KENYA,,,0.0,0.0
304,,,KIRIBATI,-1.5,KIRIBATI,,,-1.5,-1.5
305,,,"KOREA, DEM. REP.",0.0,"KOREA, DEM. REP.",,,0.0,0.0
306,,,"KOREA, REP.",0.0,"KOREA, REP.",,,0.0,0.0
307,,,KUWAIT,-1.0,KUWAIT,,,-1.0,-1.0
308,,,LATVIA,-1.0,LATVIA,,,-1.0,-1.0
309,,,LEBANON,-1.0,LEBANON,,,-1.0,-1.0
310,,,LIBERIA,0.0,LIBERIA,,,0.0,0.0
311,,,LIBYA,-1.5,LIBYA,,,-1.5,-1.5
312,,,LITHUANIA,0.0,LITHUANIA,,,0.0,0.0
313,,,"MACAO SAR, CHINA",-1.0,"MACAO SAR, CHINA",,,-1.0,-1.0
314,,,MADAGASCAR,-1.0,MADAGASCAR,,,-1.0,-1.0
315,,,MALAYSIA,-1.0,MALAYSIA,,,-1.0,-1.0
316,,,MALDIVES,-1.0,MALDIVES,,,-1.0,-1.0
317,,,MALTA,0.0,MALTA,,,0.0,0.0
318,,,MAURITANIA,-1.0,MAURITANIA,,,-1.0,-1.0
319,,,MAURITIUS,-1.0,MAURITIUS,,,-1.0,-1.0
320,,,MEXICO,0.0,MEXICO,,,0.0,0.0
321,,,"MICRONESIA, FED. STS.",-1.5,"MICRONESIA, FED. STS.",,,-1.5,-1.5
322,,,MONTENEGRO,0.0,MONTENEGRO,,,0.0,0.0
323,,,MOROCCO,-1.0,MOROCCO,,,-1.0,-1.0
324,,,MOZAMBIQUE,-1.0,MOZAMBIQUE,,,-1.0,-1.0
325,,,MYANMAR,-1.0,MYANMAR,,,-1.0,-1.0
326,,,NAMIBIA,0.0,NAMIBIA,,,0.0,0.0
327,,,NETHERLANDS,0.0,NETHERLANDS,,,0.0,0.0
328,,,NEW ZEALAND,-1.0,NEW ZEALAND,,,-1.0,-1.0
329,,,NICARAGUA,-1.0,NICARAGUA,,,-1.0,-1.0
330,,,NIGERIA,-1.0,NIGERIA,,,-1.0,-1.0
331,,,NORWAY,-1.0,NORWAY,,,-1.0,-1.0
332,,,OMAN,-1.0,OMAN,,,-1.0,-1.0
333,,,PAKISTAN,-1.0,PAKISTAN,,,-1.0,-1.0
334,,,PANAMA,-1.0,PANAMA,,,-1.0,-1.0
335,,,PAPUA NEW GUINEA,-1.5,PAPUA NEW GUINEA,,,-1.5,-1.5
336,,,PERU,-1.0,PERU,,,-1.0,-1.0
337,,,PHILIPPINES,-1.0,PHILIPPINES,,,-1.0,-1.0
338,,,POLAND,-1.0,POLAND,,,-1.0,-1.0
339,,,PORTUGAL,-1.0,PORTUGAL,,,-1.0,-1.0
340,,,QATAR,-1.5,QATAR,,,-1.5,-1.5
341,,,ROMANIA,-1.0,ROMANIA,,,-1.0,-1.0
342,,,RUSSIAN FEDERATION,-1.0,RUSSIAN FEDERATION,,,-1.0,-1.0
343,,,SAMOA,-1.0,SAMOA,,,-1.0,-1.0
344,,,SÃO TOMÉ AND PRINCIPE,-1.0,SÃO TOMÉ AND PRINCIPE,,,-1.0,-1.0
345,,,SAUDI ARABIA,0.0,SAUDI ARABIA,,,0.0,0.0
346,,,SENEGAL,0.0,SENEGAL,,,0.0,0.0
347,,,SEYCHELLES,-0.25,SEYCHELLES,,,-0.25,-0.25
348,,,SIERRA LEONE,-1.0,SIERRA LEONE,,,-1.0,-1.0
349,,,SINGAPORE,0.0,SINGAPORE,,,0.0,0.0
350,,,SLOVENIA,0.0,SLOVENIA,,,0.0,0.0
351,,,SOLOMON ISLANDS,0.0,SOLOMON ISLANDS,,,0.0,0.0
352,,,SOMALIA,-1.5,SOMALIA,,,-1.5,-1.5
353,,,SOUTH AFRICA,-1.0,SOUTH AFRICA,,,-1.0,-1.0
354,,,SPAIN,0.0,SPAIN,,,0.0,0.0
355,,,SRI LANKA,-1.0,SRI LANKA,,,-1.0,-1.0
356,,,ST. KITTS AND NEVIS,0.142857143,ST. KITTS AND NEVIS,,,0.142857143,0.142857143
357,,,ST. LUCIA,-1.0,ST. LUCIA,,,-1.0,-1.0
358,,,ST. VINCENT AND THE GRENADINES,0.0,ST. VINCENT AND THE GRENADINES,,,0.0,0.0
359,,,SUDAN,-1.0,SUDAN,,,-1.0,-1.0
360,,,SURINAME,0.0,SURINAME,,,0.0,0.0
361,,,SWEDEN,-1.0,SWEDEN,,,-1.0,-1.0
362,,,SYRIAN ARAB REPUBLIC,0.0,SYRIAN ARAB REPUBLIC,,,0.0,0.0
363,,,TANZANIA,0.0,TANZANIA,,,0.0,0.0
364,,,THAILAND,-1.0,THAILAND,,,-1.0,-1.0
365,,,TIMOR-LESTE,0.0,TIMOR-LESTE,,,0.0,0.0
366,,,TOGO,-1.0,TOGO,,,-1.0,-1.0
367,,,TONGA,0.0,TONGA,,,0.0,0.0
368,,,TRINIDAD AND TOBAGO,0.0,TRINIDAD AND TOBAGO,,,0.0,0.0
369,,,TUNISIA,0.0,TUNISIA,,,0.0,0.0
370,,,TURKEY,-1.0,TURKEY,,,-1.0,-1.0
371,,,TUVALU,0.0,TUVALU,,,0.0,0.0
372,,,UKRAINE,0.0,UKRAINE,,,0.0,0.0
373,,,UNITED ARAB EMIRATES,0.0,UNITED ARAB EMIRATES,,,0.0,0.0
374,,,UNITED KINGDOM,0.0,UNITED KINGDOM,,,0.0,0.0
375,,,UNITED STATES,-1.0,UNITED STATES,,,-1.0,-1.0
376,,,URUGUAY,0.0,URUGUAY,,,0.0,0.0
377,,,VANUATU,0.0,VANUATU,,,0.0,0.0
378,,,"VENEZUELA, RB",0.0,"VENEZUELA, RB",,,0.0,0.0
379,,,VIETNAM,0.0,VIETNAM,,,0.0,0.0
380,,,"YEMEN, REP.",-1.0,"YEMEN, REP.",,,-1.0,-1.0
381,,,,,,Åland Islands,0.5,0.5,0.16666666666666666
382,,,,,,Anguilla,1.0,1.0,0.3333333333333333
383,,,,,,Antigua Barb,1.0,1.0,0.3333333333333333
384,,,,,,Areas beyond national jurisdiction,0.0,0.0,0.0
385,,,,,,Aruba,0.714285714,0.714285714,0.238095238
386,,,,,,Bahamas,-0.25,-0.25,-0.08333333333333333
387,,,,,,Bahrain,0.0,0.0,0.0
388,,,,,,Bermuda,0.0,0.0,0.0
389,,,,,,Bolivia (Plurinational State of),1.666666667,1.666666667,0.5555555556666667
390,,,,,,Bonaire,-1.0,-1.0,-0.3333333333333333
391,,,,,,"Bonaire, Sint Eustatius and Saba",0.0,0.0,0.0
392,,,,,,Bosnia Herzg,0.0,0.0,0.0
393,,,,,,Bouvet Island,0.428571429,0.428571429,0.142857143
394,,,,,,Brazil,1.666666667,1.666666667,0.5555555556666667
395,,,,,,British Indian Ocean Territory,0.75,0.75,0.25
396,,,,,,British Virgin Islands,1.0,1.0,0.3333333333333333
397,,,,,,Brunei Darsm,0.0,0.0,0.0
398,,,,,,Brunei Darussalam,-0.666666667,-0.666666667,-0.22222222233333333
399,,,,,,Cameroon,0.285714286,0.285714286,0.09523809533333333
400,,,,,,Cape Verde,0.75,0.75,0.25
401,,,,,,Cayman Islands,0.0,0.0,0.0
402,,,,,,Chagos Archipelago,1.0,1.0,0.3333333333333333
403,,,,,,China (People's Republic of),0.0,0.0,0.0
404,,,,,,"China, Hong Kong SAR",0.0,0.0,0.0
405,,,,,,"China, Macao SAR",0.0,0.0,0.0
406,,,,,,"China, mainland",0.75,0.75,0.25
407,,,,,,Christmas Islands,0.75,0.75,0.25
408,,,,,,Cocos (Keeling) Islands,0.857142857,0.857142857,0.2857142856666667
409,,,,,,Colombia,0.75,0.75,0.25
410,,,,,,Congo Dem Rep,1.75,1.75,0.5833333333333334
411,,,,,,Cote d'Ivoire,0.142857143,0.142857143,0.047619047666666664
412,,,,,,Curacao,-0.142857143,-0.142857143,-0.047619047666666664
413,,,,,,Cyprus No Mans Area,0.0,0.0,0.0
414,,,,,,Czech Republic,0.0,0.0,0.0
415,,,,,,Democratic People's Republic of Korea,0.0,0.0,0.0
416,,,,,,Faeroe Islands,1.25,1.25,0.4166666666666667
417,,,,,,Falkland Islands (Malvinas),-1.5,-1.5,-0.5
418,,,,,,Faroe Islands,1.0,1.0,0.3333333333333333
419,,,,,,Federated States of Micronesia,0.0,0.0,0.0
420,,,,,,Fiji,0.142857143,0.142857143,0.047619047666666664
421,,,,,,French Guiana,1.25,1.25,0.4166666666666667
422,,,,,,French Polynesia,2.333333333,2.333333333,0.7777777776666667
423,,,,,,French Southern and Antarctic Lands,0.0,0.0,0.0
424,,,,,,French Southern Territories,-0.25,-0.25,-0.08333333333333333
425,,,,,,Gambia,0.428571429,0.428571429,0.142857143
426,,,,,,Gibraltar,-0.142857143,-0.142857143,-0.047619047666666664
427,,,,,,Greenland,0.0,0.0,0.0
428,,,,,,Guadeloupe,0.8,0.8,0.26666666666666666
429,,,,,,Guam,0.5,0.5,0.16666666666666666
430,,,,,,Guernsey,-0.5,-0.5,-0.16666666666666666
431,,,,,,Guyana,0.75,0.75,0.25
432,,,,,,Heard and McDonald Islands,1.666666667,1.666666667,0.5555555556666667
433,,,,,,Heard Island and McDonald Islands,0.0,0.0,0.0
434,,,,,,Holy See,0.0,0.0,0.0
435,,,,,,Hong Kong,-1.5,-1.5,-0.5
436,,,,,,Iran (Islamic Republic of),0.25,0.25,0.08333333333333333
437,,,,,,Isle of Man,0.428571429,0.428571429,0.142857143
438,,,,,,Jersey,0.5,0.5,0.16666666666666666
439,,,,,,Jordan,0.5,0.5,0.16666666666666666
440,,,,,,Korea,1.0,1.0,0.3333333333333333
441,,,,,,Korea D P Rp,-1.0,-1.0,-0.3333333333333333
442,,,,,,Korea Rep,0.25,0.25,0.08333333333333333
443,,,,,,Kuwait,0.0,0.0,0.0
444,,,,,,Lao People's Democratic Republic,0.142857143,0.142857143,0.047619047666666664
445,,,,,,Martinique,-1.0,-1.0,-0.3333333333333333
446,,,,,,Mayotte,0.428571429,0.428571429,0.142857143
447,,,,,,Micronesia (Federated States of),0.333333333,0.333333333,0.111111111
448,,,,,,Montserrat,-1.25,-1.25,-0.4166666666666667
449,,,,,,New Caledonia,-0.166666667,-0.166666667,-0.055555555666666666
450,,,,,,Norfolk Island,1.0,1.0,0.3333333333333333
451,,,,,,Northern Cyprus,0.8,0.8,0.26666666666666666
452,,,,,,Northern Mariana Islands,-0.142857143,-0.142857143,-0.047619047666666664
453,,,,,,Pitcairn,0.0,0.0,0.0
454,,,,,,Puerto Rico,0.0,0.0,0.0
455,,,,,,Réunion,0.0,0.0,0.0
456,,,,,,Republic of Korea,0.0,0.0,0.0
457,,,,,,Republic of Moldova,0.428571429,0.428571429,0.142857143
458,,,,,,Russian Federation,0.0,0.0,0.0
459,,,,,,Saint Barthélemy,2.0,2.0,0.6666666666666666
460,,,,,,Saint Helena,1.0,1.0,0.3333333333333333
461,,,,,,"Saint Helena, Ascension and Tristan da Cunha",-1.5,-1.5,-0.5
462,,,,,,Saint Martin,0.666666667,0.666666667,0.22222222233333333
463,,,,,,Saint Pierre and Miquelon,0.5,0.5,0.16666666666666666
464,,,,,,Saint-Martin (French part),0.0,0.0,0.0
465,,,,,,Sao Tome and Principe,1.0,1.0,0.3333333333333333
466,,,,,,Sao Tome Prn,0.428571429,0.428571429,0.142857143
467,,,,,,Sint Maarten,0.0,0.0,0.0
468,,,,,,Sint Maarten (Dutch part),0.0,0.0,0.0
469,,,,,,South Georgia and the South Sandwich Islands,-3.0,-3.0,-1.0
470,,,,,,St Kitts Nev,0.0,0.0,0.0
471,,,,,,St Lucia,1.0,1.0,0.3333333333333333
472,,,,,,St Vincent,1.0,1.0,0.3333333333333333
473,,,,,,Svalbard and Jan Mayen,0.0,0.0,0.0
474,,,,,,Svalbard and Jan Mayen Islands,0.285714286,0.285714286,0.09523809533333333
475,,,,,,Syrian Arab Republic,-1.0,-1.0,-0.3333333333333333
476,,,,,,Türkiye,-1.666666667,-1.666666667,-0.5555555556666667
477,,,,,,Taiwan,0.0,0.0,0.0
478,,,,,,Timor Leste,0.0,0.0,0.0
479,,,,,,Tokelau,-0.5,-0.5,-0.16666666666666666
480,,,,,,Trinidad Tob,-1.5,-1.5,-0.5
481,,,,,,Turks and Caicos Islands,0.333333333,0.333333333,0.111111111
482,,,,,,United Republic of Tanzania,0.285714286,0.285714286,0.09523809533333333
483,,,,,,United States Minor Outlying Islands,0.6,0.6,0.19999999999999998
484,,,,,,United States Virgin Islands,0.0,0.0,0.0
485,,,,,,Untd Arab Em,0.2,0.2,0.06666666666666667
486,,,,,,Venezuela (Bolivarian Republic of),-0.25,-0.25,-0.08333333333333333
487,,,,,,Viet Nam,0.666666667,0.666666667,0.22222222233333333
488,,,,,,Wallis and Futuna,0.0,0.0,0.0
489,,,,,,Western Sahara,1.5,1.5,0.5
490,,,,,,World,0.25,0.25,0.08333333333333333
491,,,,,,,-3.0,-3.0,-1.0
492,,,,,,,1.0,1.0,0.3333333333333333
493,,,,,,,-3.0,-3.0,-1.0
494,,,,,,,-3.0,-3.0,-1.0
495,,,,,,,1.0,1.0,0.3333333333333333
496,,,,,,,1.0,1.0,0.3333333333333333
